{
  "Source_Name": {
    "0": "G000.0+00.0",
    "1": "G000.1-00.1",
    "2": "G000.3+00.0",
    "3": "G000.9+00.1",
    "4": "G001.0-00.1"
  },
  "RAJ2000": {
    "0": 266.4,
    "1": 266.55,
    "2": 266.575,
    "3": 266.85,
    "4": 267.1
  },
  "DEJ2000": {
    "0": -28.9333333333,
    "1": -28.9,
    "2": -28.6666666667,
    "3": -28.1,
    "4": -28.1166666667
  },
  "GLON": {
    "0": 0.0,
    "1": 0.1,
    "2": 0.3,
    "3": 0.9,
    "4": 1.0
  },
  "GLAT": {
    "0": 0.0,
    "1": -0.1,
    "2": 0.0,
    "3": 0.1,
    "4": -0.1
  },
  "id_alt": {
    "0": "Sgr A East",
    "1": "G0.13-0.12",
    "2": "None",
    "3": "None",
    "4": "Sgr D"
  },
  "size_radio_mean": {
    "0": 2.9,
    "1": 0.7,
    "2": 11.0,
    "3": 8.0,
    "4": 8.0
  }
}
